{"is_source_file": true, "format": "Python", "description": "This file generates and saves the OpenAPI schema for the web API by calling a method from the main application module and writing the output to a JSON file in the 'interfaces' directory.", "external_files": ["src/api/main.py"], "external_methods": ["app.openapi"], "published": [], "classes": [], "methods": [], "calls": ["app.openapi", "os.makedirs", "json.dump", "os.path.join"], "search-terms": ["generate_openapi", "OpenAPI schema", "api schema generation", "openapi.json"], "state": 2, "file_id": 3, "knowledge_revision": 9, "git_revision": "c9675b9403104fc4c833cbd2c9c3dbfc3af4eefb", "ctags": [{"_type": "tag", "name": "openapi_schema", "path": "/home/kavia/workspace/code-generation/battleships-web-game-216474-216483/battleships_backend/src/api/generate_openapi.py", "pattern": "/^openapi_schema = app.openapi()$/", "language": "Python", "kind": "variable"}, {"_type": "tag", "name": "output_dir", "path": "/home/kavia/workspace/code-generation/battleships-web-game-216474-216483/battleships_backend/src/api/generate_openapi.py", "pattern": "/^output_dir = \"interfaces\"$/", "language": "Python", "kind": "variable"}, {"_type": "tag", "name": "output_path", "path": "/home/kavia/workspace/code-generation/battleships-web-game-216474-216483/battleships_backend/src/api/generate_openapi.py", "pattern": "/^output_path = os.path.join(output_dir, \"openapi.json\")$/", "language": "Python", "kind": "variable"}], "hash": "61e3715e79bc397fab3e70f503a41417", "format-version": 4, "code-base-name": "battleships_backend", "filename": "battleships_backend/src/api/generate_openapi.py", "fields": [{"name": "openapi_schema = app.openapi()", "scope": "", "scopeKind": "", "description": "unavailable"}, {"name": "output_dir = \"interfaces\"", "scope": "", "scopeKind": "", "description": "unavailable"}, {"name": "output_path = os.path.join(output_dir, \"openapi.json\")", "scope": "", "scopeKind": "", "description": "unavailable"}], "revision_history": [{"9": "c9675b9403104fc4c833cbd2c9c3dbfc3af4eefb"}]}